<?xml version="1.0" encoding="utf-8" standalone="no"?>
<dublin_core schema="dc">
  <dcvalue element="contributor" qualifier="author">Williams,&#x20;Julia</dcvalue>
  <dcvalue element="contributor" qualifier="author">Trimarchi,&#x20;Angela</dcvalue>
  <dcvalue element="contributor" qualifier="author">Nguyen,&#x20;Trien</dcvalue>
  <dcvalue element="date" qualifier="accessioned">2016-03-18T15:35:35Z</dcvalue>
  <dcvalue element="date" qualifier="available">2016-03-18T15:35:35Z</dcvalue>
  <dcvalue element="date" qualifier="issued">2012</dcvalue>
  <dcvalue element="identifier" qualifier="citation" language="en_US">Collected&#x20;Essays&#x20;on&#x20;Teaching&#x20;and&#x20;Learning&#x20;(5),&#x20;50-54.</dcvalue>
  <dcvalue element="identifier" qualifier="uri">http:&#x2F;&#x2F;celt.uwindsor.ca&#x2F;ojs&#x2F;leddy&#x2F;index.php&#x2F;CELT&#x2F;article&#x2F;view&#x2F;3414</dcvalue>
  <dcvalue element="identifier" qualifier="uri">http:&#x2F;&#x2F;hdl.handle.net&#x2F;123456789&#x2F;52</dcvalue>
  <dcvalue element="description" qualifier="abstract" language="en_US">In&#x20;the&#x20;field&#x20;of&#x20;second&#x20;language&#x20;acquisition,&#x20;discipline-specific&#x20;language&#x20;instruction&#x20;is&#x20;becoming&#x20;widely&#x20;known&#x20;as&#x20;Content&#x20;and&#x20;Language&#x20;Integrated&#x20;Learning.&#x20;This&#x20;method&#x20;includes&#x20;any&#x20;activity&#x20;that&#x20;involves&#x20;teaching&#x20;a&#x20;subject&#x20;in&#x20;a&#x20;second&#x20;language&#x20;for&#x20;the&#x20;purpose&#x20;of&#x20;teaching&#x20;both&#x20;the&#x20;subject&#x20;content&#x20;and&#x20;the&#x20;language.&#x20;Research&#x20;has&#x20;shown&#x20;that&#x20;this&#x20;two&#x20;for&#x20;one&#x20;approach&#x20;increases&#x20;students’&#x20;content&#x20;knowledge&#x20;and&#x20;language&#x20;proficiency&#x20;in&#x20;both&#x20;the&#x20;short&#x20;and&#x20;long&#x20;terms&#x20;(Baik&#x20;&amp;&#x20;Greig,&#x20;2009;&#x20;Kasper,&#x20;1997;&#x20;Song,&#x20;2006).&#x20;These&#x20;studies&#x20;have&#x20;been&#x20;conducted&#x20;using&#x20;a&#x20;variety&#x20;of&#x20;subjects&#x20;in&#x20;combination&#x20;with&#x20;several&#x20;second&#x20;languages,&#x20;but&#x20;the&#x20;combination&#x20;of&#x20;economics&#x20;and&#x20;English&#x20;has&#x20;not&#x20;been&#x20;explored&#x20;in&#x20;the&#x20;literature.&#x20;Our&#x20;research&#x20;involved&#x20;teaching&#x20;English&#x20;as&#x20;an&#x20;Additional&#x20;Language&#x20;(EAL)&#x20;to&#x20;international&#x20;students&#x20;taking&#x20;an&#x20;introductory&#x20;economics&#x20;course.&#x20;Ten&#x20;voluntary&#x20;participants&#x20;completed&#x20;pre-&#x20;and&#x20;post-treatment&#x20;assessments&#x20;as&#x20;well&#x20;as&#x20;exit&#x20;interviews.&#x20;Assessment&#x20;results&#x20;indicate&#x20;that&#x20;vocabulary&#x20;instruction&#x20;is&#x20;correlated&#x20;to&#x20;success&#x20;in&#x20;economics&#x20;although&#x20;reading&#x20;strategy&#x20;instruction&#x20;did&#x20;not&#x20;have&#x20;the&#x20;same&#x20;impact.</dcvalue>
  <dcvalue element="description" qualifier="provenance" language="en">Submitted&#x20;by&#x20;Yanliang&#x20;Wu&#x20;(y389wu@uwaterloo.ca)&#x20;on&#x20;2016-03-18T15:35:35Z&#x0A;No.&#x20;of&#x20;bitstreams:&#x20;1&#x0A;3414-7747-1-PB.pdf:&#x20;739179&#x20;bytes,&#x20;checksum:&#x20;083fe7d4205a52635140600d8b7d3721&#x20;(MD5)</dcvalue>
  <dcvalue element="description" qualifier="provenance" language="en">Made&#x20;available&#x20;in&#x20;DSpace&#x20;on&#x20;2016-03-18T15:35:35Z&#x20;(GMT).&#x20;No.&#x20;of&#x20;bitstreams:&#x20;1&#x0A;3414-7747-1-PB.pdf:&#x20;739179&#x20;bytes,&#x20;checksum:&#x20;083fe7d4205a52635140600d8b7d3721&#x20;(MD5)&#x0A;&#x20;&#x20;Previous&#x20;issue&#x20;date:&#x20;2012</dcvalue>
  <dcvalue element="language" qualifier="iso" language="en_US">en</dcvalue>
  <dcvalue element="publisher" qualifier="none" language="en_US">Society&#x20;for&#x20;Teaching&#x20;and&#x20;Learning&#x20;in&#x20;Higher&#x20;Education&#x20;(STLHE</dcvalue>
  <dcvalue element="subject" qualifier="none" language="en_US">Language</dcvalue>
  <dcvalue element="subject" qualifier="none" language="en_US">Learning&#x20;outcome</dcvalue>
  <dcvalue element="title" qualifier="none" language="en_US">Language&#x20;Diversity&#x20;&amp;&#x20;Practice&#x20;in&#x20;Higher&#x20;Education:&#x20;Can&#x20;Discipline-Specific&#x20;Language&#x20;Instruction&#x20;Improve&#x20;Economics&#x20;Learning</dcvalue>
  <dcvalue element="type" qualifier="none" language="en_US">Article</dcvalue>
</dublin_core>
