<?xml version="1.0" encoding="utf-8" standalone="no"?>
<dublin_core schema="dc">
  <dcvalue element="contributor" qualifier="advisor" language=""></dcvalue>
  <dcvalue element="contributor" qualifier="advisor" language=""></dcvalue>
  <dcvalue element="contributor" qualifier="author" language="">d’Ailly,&#x20;Hsiao</dcvalue>
  <dcvalue element="date" qualifier="accessioned" language="">2016-02-23T19:12:31Z</dcvalue>
  <dcvalue element="date" qualifier="available" language="">2016-02-23T19:12:31Z</dcvalue>
  <dcvalue element="date" qualifier="issued" language="">2003</dcvalue>
  <dcvalue element="identifier" qualifier="citation" language="en_US">d&#39;Ailly,&#x20;H.&#x20;(2003).&#x20;Children&#39;s&#x20;autonomy&#x20;and&#x20;perceived&#x20;control&#x20;in&#x20;learning:&#x20;A&#x20;model&#x20;of&#x20;motivation&#x20;and&#x20;achievement&#x20;in&#x20;taiwan.&#x20;Journal&#x20;of&#x20;Educational&#x20;Psychology,&#x20;95(1),&#x20;84-96</dcvalue>
  <dcvalue element="identifier" qualifier="uri" language="">http:&#x2F;&#x2F;dx.doi.org&#x2F;10.1037&#x2F;0022-0663.95.1.84</dcvalue>
  <dcvalue element="identifier" qualifier="uri" language="">http:&#x2F;&#x2F;hdl.handle.net&#x2F;123456789&#x2F;41</dcvalue>
  <dcvalue element="description" qualifier="abstract" language="en_US">A&#x20;model&#x20;of&#x20;motivation&#x20;and&#x20;achievement&#x20;was&#x20;tested&#x20;with&#x20;data&#x20;from&#x20;50&#x20;teachers&#x20;and&#x20;806&#x20;Grade&#x20;4–6&#x20;students&#x0D;&#x0A;in&#x20;Taiwan.&#x20;Autonomy&#x20;as&#x20;a&#x20;construct&#x20;was&#x20;shown&#x20;to&#x20;have&#x20;ecological&#x20;validity&#x20;in&#x20;Chinese&#x20;children.&#x20;The&#x20;proposed&#x0D;&#x0A;model&#x20;fit&#x20;the&#x20;data&#x20;well,&#x20;showing&#x20;that&#x20;maternal&#x20;involvement&#x20;and&#x20;autonomy&#x20;support,&#x20;as&#x20;well&#x20;as&#x20;teachers’&#x0D;&#x0A;autonomy&#x20;support,&#x20;are&#x20;important&#x20;for&#x20;children’s&#x20;autonomy&#x20;and&#x20;perceived&#x20;control.&#x20;Without&#x20;the&#x20;mediation&#x20;of&#x0D;&#x0A;perceived&#x20;control,&#x20;autonomy&#x20;had&#x20;a&#x20;small&#x20;negative&#x20;effect&#x20;on&#x20;performance;&#x20;controlling&#x20;for&#x20;perceived&#x20;control,&#x0D;&#x0A;external&#x20;motivation&#x20;orientation&#x20;was&#x20;a&#x20;positive&#x20;predictor&#x20;for&#x20;Chinese&#x20;children’s&#x20;effort&#x20;and&#x20;performance.&#x20;The&#x0D;&#x0A;teachers’&#x20;reported&#x20;motivating&#x20;style,&#x20;as&#x20;construed&#x20;in&#x20;Western&#x20;research,&#x20;does&#x20;not&#x20;correspond&#x20;with&#x20;Chinese&#x0D;&#x0A;children’s&#x20;perceptions&#x20;of&#x20;their&#x20;teachers&#x20;nor&#x20;does&#x20;it&#x20;have&#x20;any&#x20;relationship&#x20;with&#x20;their&#x20;motivation&#x20;measures.</dcvalue>
  <dcvalue element="description" qualifier="provenance" language="en">Submitted&#x20;by&#x20;Yanliang&#x20;Wu&#x20;(y389wu@uwaterloo.ca)&#x20;on&#x20;2016-02-23T19:12:31Z&#x0D;&#x0A;No.&#x20;of&#x20;bitstreams:&#x20;1&#x0D;&#x0A;edu_95_1_84.pdf&#x20;(1).pdf:&#x20;541081&#x20;bytes,&#x20;checksum:&#x20;68ed2c41f11157db050b7075759b853b&#x20;(MD5)</dcvalue>
  <dcvalue element="description" qualifier="provenance" language="en">Made&#x20;available&#x20;in&#x20;DSpace&#x20;on&#x20;2016-02-23T19:12:31Z&#x20;(GMT).&#x20;No.&#x20;of&#x20;bitstreams:&#x20;1&#x0D;&#x0A;edu_95_1_84.pdf&#x20;(1).pdf:&#x20;541081&#x20;bytes,&#x20;checksum:&#x20;68ed2c41f11157db050b7075759b853b&#x20;(MD5)&#x0D;&#x0A;&#x20;&#x20;Previous&#x20;issue&#x20;date:&#x20;2003</dcvalue>
  <dcvalue element="language" qualifier="iso" language="en_US">en</dcvalue>
  <dcvalue element="publisher" qualifier="none" language="en_US">American&#x20;Psychological&#x20;Association</dcvalue>
  <dcvalue element="subject" qualifier="none" language="en_US">motivation;</dcvalue>
  <dcvalue element="subject" qualifier="none" language="en_US">Chinese&#x20;children</dcvalue>
  <dcvalue element="subject" qualifier="none" language="">achievement</dcvalue>
  <dcvalue element="title" qualifier="none" language="en_US">Children&#39;s&#x20;autonomy&#x20;and&#x20;perceived&#x20;control&#x20;in&#x20;learning:&#x20;A&#x20;model&#x20;of&#x20;motivation&#x20;and&#x20;achievement&#x20;in&#x20;taiwan</dcvalue>
  <dcvalue element="type" qualifier="none" language="en_US">Article</dcvalue>
</dublin_core>
