<?xml version="1.0" encoding="utf-8" standalone="no"?>
<dublin_core schema="dc">
  <dcvalue element="contributor" qualifier="author">Case,&#x20;Robert</dcvalue>
  <dcvalue element="contributor" qualifier="author">Haanstra,&#x20;Sarah</dcvalue>
  <dcvalue element="date" qualifier="accessioned">2016-03-15T20:23:20Z</dcvalue>
  <dcvalue element="date" qualifier="available">2016-03-15T20:23:20Z</dcvalue>
  <dcvalue element="date" qualifier="issued">2014-11-01</dcvalue>
  <dcvalue element="identifier" qualifier="uri">http:&#x2F;&#x2F;hdl.handle.net&#x2F;123456789&#x2F;49</dcvalue>
  <dcvalue element="description" qualifier="abstract" language="en_US">The&#x20;&quot;Parent&#x20;Outreach&#x20;Worker&#x20;Program&quot;&#x20;(POW&#x20;program)&#x20;aims&#x20;to&#x20;identify,&#x20;reach&#x20;out&#x20;to,&#x20;and&#x20;assist&#x20;families&#x20;with&#x20;children&#x20;who&#x20;may&#x20;be&#x20;isolated&#x20;or&#x20;otherwise&#x20;struggling&#x20;by&#x20;providing&#x20;them&#x20;with&#x20;increased&#x20;access&#x20;to&#x20;services&#x20;and&#x20;support.&#x20;The&#x20;POW&#x20;program&#x20;is&#x20;currently&#x20;being&#x20;piloted&#x20;in&#x20;two&#x20;priority&#x20;neighbourhoods&#x20;of&#x20;Guelph,&#x20;Ontario.&#x20;The&#x20;POW&#x20;program&#x20;is&#x20;part&#x20;of&#x20;a&#x20;cross-sectoral,&#x20;community-based&#x20;&quot;Nurturing&#x20;Neighbourhoods&quot;&#x20;initiative&#x20;that&#x20;is&#x20;grounded&#x20;in&#x20;the&#x20;philosophies&#x20;and&#x20;principles&#x20;related&#x20;to&#x20;the&#x20;social&#x20;determinants&#x20;of&#x20;health,&#x20;health&#x20;equity,&#x20;and&#x20;early&#x20;help&#x20;in&#x20;child&#x20;welfare.&#x20;This&#x20;report&#x20;details&#x20;the&#x20;findings&#x20;of&#x20;an&#x20;evaluation&#x20;that&#x20;was&#x20;conducted&#x20;in&#x20;2013-2014&#x20;to&#x20;determine&#x20;whether&#x20;the&#x20;POW&#x20;program&#x20;is&#x20;being&#x20;delivered&#x20;as&#x20;planned&#x20;and&#x20;the&#x20;extent&#x20;to&#x20;which&#x20;it&#x20;is&#x20;achieving&#x20;its&#x20;intended&#x20;outcomes.&#x20;Evidence&#x20;used&#x20;for&#x20;the&#x20;evaluation&#x20;include&#x20;program&#x20;implementation&#x20;data&#x20;inputted&#x20;by&#x20;the&#x20;Parent&#x20;Outreach&#x20;Workers&#x20;(POWs)&#x20;and&#x20;a&#x20;series&#x20;of&#x20;interviews&#x20;and&#x20;focus&#x20;groups&#x20;conducted&#x20;with&#x20;program&#x20;stakeholders&#x20;including&#x20;the&#x20;POWs,&#x20;parents&#x20;who&#x20;use&#x20;the&#x20;POW&#x20;program,&#x20;and&#x20;a&#x20;variety&#x20;of&#x20;associated&#x20;service&#x20;providers&#x20;and&#x20;community&#x20;resource&#x20;people.&#x20;This&#x20;early&#x20;evaluation&#x20;evidence&#x20;indicates&#x20;clearly&#x20;that&#x20;the&#x20;POW&#x20;program&#x20;is&#x20;generating&#x20;very&#x20;significant&#x20;outcomes&#x20;for&#x20;priority&#x20;families&#x20;as&#x20;direct&#x20;supports&#x20;and&#x20;as&#x20;intermediaries&#x20;between&#x20;those&#x20;families&#x20;and&#x20;the&#x20;community&#x20;resources&#x20;they&#x20;need.&#x20;The&#x20;POWs&#x20;occupy&#x20;an&#x20;important&#x20;space&#x20;in&#x20;marginalized&#x20;communities,&#x20;the&#x20;evaluation&#x20;evidence&#x20;shows,&#x20;between&#x20;formal&#x20;services,&#x20;informal&#x20;community&#x20;supports,&#x20;and&#x20;the&#x20;families&#x20;most&#x20;in&#x20;need&#x20;of&#x20;support.&#x20;Also&#x20;emerging&#x20;from&#x20;the&#x20;evaluation&#x20;data&#x20;are&#x20;some&#x20;key&#x20;&quot;Impact&#x20;Pathways&quot;&#x20;through&#x20;which&#x20;the&#x20;POW&#x20;program&#x20;is&#x20;generating&#x20;results.&#x20;These&#x20;Impact&#x20;Pathways&#x20;reflect&#x20;many&#x20;of&#x20;the&#x20;strategies&#x20;found&#x20;to&#x20;be&#x20;effective&#x20;in&#x20;research&#x20;literature&#x20;on&#x20;other&#x20;outreach&#x20;programs,&#x20;and&#x20;as&#x20;such&#x20;may&#x20;serve&#x20;as&#x20;a&#x20;best&#x20;practices&#x20;framework&#x20;for&#x20;the&#x20;establishment&#x20;of&#x20;similar&#x20;programs&#x20;in&#x20;other&#x20;neighbourhoods.</dcvalue>
  <dcvalue element="description" qualifier="provenance" language="en">Submitted&#x20;by&#x20;Yanliang&#x20;Wu&#x20;(y389wu@uwaterloo.ca)&#x20;on&#x20;2016-03-15T20:23:20Z&#x0A;No.&#x20;of&#x20;bitstreams:&#x20;2&#x0A;Parent&#x20;Outreach&#x20;Worker&#x20;Program&#x20;Evaluation-Final&#x20;Report&#x20;Nov.&#x20;2014.pdf:&#x20;1336417&#x20;bytes,&#x20;checksum:&#x20;c5f7848581d5447ff02b52a36df26e67&#x20;(MD5)&#x0A;Executive&#x20;Summary&#x20;-&#x20;Parent&#x20;Outreach&#x20;Worker&#x20;Program&#x20;Evaluation-Final&#x20;Report&#x20;Nov.&#x20;2014.pdf:&#x20;172292&#x20;bytes,&#x20;checksum:&#x20;b1d43833dee0562c4fa76b51fa1c8061&#x20;(MD5)</dcvalue>
  <dcvalue element="description" qualifier="provenance" language="en">Made&#x20;available&#x20;in&#x20;DSpace&#x20;on&#x20;2016-03-15T20:23:20Z&#x20;(GMT).&#x20;No.&#x20;of&#x20;bitstreams:&#x20;2&#x0A;Parent&#x20;Outreach&#x20;Worker&#x20;Program&#x20;Evaluation-Final&#x20;Report&#x20;Nov.&#x20;2014.pdf:&#x20;1336417&#x20;bytes,&#x20;checksum:&#x20;c5f7848581d5447ff02b52a36df26e67&#x20;(MD5)&#x0A;Executive&#x20;Summary&#x20;-&#x20;Parent&#x20;Outreach&#x20;Worker&#x20;Program&#x20;Evaluation-Final&#x20;Report&#x20;Nov.&#x20;2014.pdf:&#x20;172292&#x20;bytes,&#x20;checksum:&#x20;b1d43833dee0562c4fa76b51fa1c8061&#x20;(MD5)&#x0A;&#x20;&#x20;Previous&#x20;issue&#x20;date:&#x20;2014-11-01</dcvalue>
  <dcvalue element="description" qualifier="sponsorship" language="en_US">Guelph&#x20;Community&#x20;Health&#x20;Centre,&#x20;Wellington-Dufferin-Guelph&#x20;Public&#x20;Health,&#x20;Family&#x20;&amp;&#x20;Children&#39;s&#x20;Services&#x20;of&#x20;Guelph&#x20;and&#x20;Wellington&#x20;Count</dcvalue>
  <dcvalue element="language" qualifier="iso" language="en_US">en</dcvalue>
  <dcvalue element="relation" qualifier="ispartofseries">Evaluation&#x20;report;November&#x20;2014</dcvalue>
  <dcvalue element="subject" qualifier="none" language="en_US">Parent&#x20;outreach</dcvalue>
  <dcvalue element="title" qualifier="none" language="en_US">Nurturing&#x20;Neighbourhoods:&#x20;Parent&#x20;Outreach&#x20;Worker&#x20;Program,&#x20;Guelph,&#x20;Ontario.</dcvalue>
  <dcvalue element="type" qualifier="none" language="en_US">Article</dcvalue>
</dublin_core>
