<?xml version="1.0" encoding="utf-8" standalone="no"?>
<dublin_core schema="dc">
  <dcvalue element="contributor" qualifier="author">Haisoch,&#x20;Leah</dcvalue>
  <dcvalue element="contributor" qualifier="author">Tin,&#x20;Tony</dcvalue>
  <dcvalue element="date" qualifier="accessioned">2016-02-19T16:17:06Z</dcvalue>
  <dcvalue element="date" qualifier="available">2016-02-19T16:17:06Z</dcvalue>
  <dcvalue element="date" qualifier="issued">2016-02-19</dcvalue>
  <dcvalue element="identifier" qualifier="uri">http:&#x2F;&#x2F;www.tonytin.com&#x2F;rs&#x2F;video1&#x2F;course.mp4</dcvalue>
  <dcvalue element="identifier" qualifier="uri">http:&#x2F;&#x2F;hdl.handle.net&#x2F;123456789&#x2F;36</dcvalue>
  <dcvalue element="description" qualifier="abstract" language="en_US">Course&#x20;Reserves&#x20;is&#x20;a&#x20;library&#x20;service&#x20;that&#x20;works&#x20;with&#x20;instructors&#x20;to&#x20;make&#x20;course&#x20;materials&#x0D;&#x0A;available&#x20;to&#x20;students&#x20;in&#x20;either&#x20;paper&#x20;or&#x20;electronic&#x20;formats.&#x0D;&#x0A;This&#x20;video&#x20;and&#x20;document&#x20;will&#x20;demonstrate&#x20;how&#x20;to&#x20;create&#x20;a&#x20;Course&#x20;Reserves&#x20;list.</dcvalue>
  <dcvalue element="description" qualifier="provenance" language="en">Submitted&#x20;by&#x20;Yanliang&#x20;Wu&#x20;(y389wu@uwaterloo.ca)&#x20;on&#x20;2016-02-19T16:17:05Z&#x0A;No.&#x20;of&#x20;bitstreams:&#x20;1&#x0A;video1manual.pdf:&#x20;532711&#x20;bytes,&#x20;checksum:&#x20;eca5b6fa8b4b1326b563d688277f4839&#x20;(MD5)</dcvalue>
  <dcvalue element="description" qualifier="provenance" language="en">Made&#x20;available&#x20;in&#x20;DSpace&#x20;on&#x20;2016-02-19T16:17:06Z&#x20;(GMT).&#x20;No.&#x20;of&#x20;bitstreams:&#x20;1&#x0A;video1manual.pdf:&#x20;532711&#x20;bytes,&#x20;checksum:&#x20;eca5b6fa8b4b1326b563d688277f4839&#x20;(MD5)&#x0A;&#x20;&#x20;Previous&#x20;issue&#x20;date:&#x20;2016-02-19</dcvalue>
  <dcvalue element="language" qualifier="iso" language="en_US">en</dcvalue>
  <dcvalue element="publisher" qualifier="none" language="en_US">Course&#x20;Reserve,&#x20;University&#x20;of&#x20;Waterloo</dcvalue>
  <dcvalue element="subject" qualifier="none" language="en_US">Course&#x20;Reserve</dcvalue>
  <dcvalue element="title" qualifier="none" language="en_US">Course&#x20;Reserves:&#x20;Creating&#x20;a&#x20;Course</dcvalue>
  <dcvalue element="type" qualifier="none" language="en_US">Learning&#x20;Object</dcvalue>
</dublin_core>
